"品目コード","品目名称","２年売上"
"G120AFC18NJ-----F2",,218500
"G120AFC20H------F2",,8000
"G120AFC20H------F3",,3387450
"G120AFC20H------N3",,3700
"G12301102M------F5","０１１０２Ｍ　Ｆ　９００",0
"G123015AN-------F7","０１５ＡＮ　　Ｆ　１０００",163000
"G123015AN-------N3","０１５ＡＮ　　Ｎ　　　２５",2700
"G123015EB-------F7","０１５ＥＢ　　Ｆ　１０００",29000
"G123015EB-------N3","０１５ＥＢ　　Ｎ　　　２５",350
"G123021GT-------F7","０２１ＧＴ　　Ｆ　１０００",263000
"G123021GT-------N3","０２１ＧＴ　　Ｎ　　　２５",102800
"G123021GTP------F4","０２１ＧＴＰ　Ｆ　　８００",0
"G123022EB-------F7","０２２ＥＢ　　Ｆ　１０００",72000
"G123022EB-------N3",,925
"G123022GS-------F7","０２２ＧＳ　　Ｆ　１０００",0
"G123022GS-------N3","０２２ＧＳ　　Ｎ　　　２５",6450
"G123022GS----S--F7","０２２ＧＳ　　Ｆ　１０００　再",0
"G123022GS-B91---F7","０２２ＧＳ　　Ｆ　１０００　Ｂ９１",588000
"G123022GSP------F4","０２２ＧＳＰ　　Ｆ　８００",0
"G123032EB-------F7","０３２ＥＢ　　Ｆ　１０００",187000
"G123032EB-------N3","０３２ＥＢ　　Ｎ　　　２５",300
"G123032GS-------F7","０３２ＧＳ　　Ｆ　１０００",73000
"G123032GS-------N3","０３２ＧＳ　　Ｎ　　　２５",0
"G123033EB-------N3","０３３ＥＢ　　Ｎ　　　２５",0
"G1230520F-------F7","０５２０Ｆ　　Ｆ　１０００",480000
"G1230520F-------N3","０５２０Ｆ　　Ｎ　　　２５",80050
"G1230540F-------F7","０５４０Ｆ　　Ｆ　１０００",1701000
"G1230540F-------N3","０５４０Ｆ　　Ｎ　　　２５",124125
"G1230540F-B41---F5","０５４０Ｆ　　Ｆ　 ９００ 　Ｂ４１",0
"G1230540F-B41---F6","０５４０Ｆ　　Ｆ　 ９５０ 　Ｂ４１",139650
"G1230540F-B44---F7","０５４０Ｆ　　Ｆ　１０００　Ｂ４４",148000
"G1230540F-C95---F7",,76000
"G1230540FA------F7","０５４０ＦＡ　Ｆ　１０００",0
"G1230540P-------F4","０５４０Ｐ　　Ｆ　　８００",0
"G123057FA-------F7","０５７ＦＡ　　Ｆ　１０００",292000
"G123057FA-------N3","０５７ＦＡ　　Ｎ　　　２５",2300
"G123071EB-------N3","０７１ＥＢ　　Ｎ　　　２５",0
"G123071LT-------F7","０７１ＬＴ　Ｆ　１０００",0
"G123071LT-------N3","０７１ＬＴ　　Ｎ　　　２５",0
"G123125FN-------F2","１２５ＦＮ　　Ｆ　　５００",37000
"G123125FN-------F7","１２５ＦＮ　　Ｆ　１０００",14000
"G123125FN-------N3","１２５ＦＮ　　Ｎ　　　２５",12925
"G123140HK-------F2","１４０ＨＫ　　Ｆ　５００",35500
"G123140HK-------N3","１４０ＨＫ　　Ｎ　　　２５",10825
"G123145EC-------F7","１４５ＥＣ　　Ｆ　１０００",3000
"G123145ECP------F4","１４５ＥＣＰ　Ｆ　　８００",1744000
"G1231520F-------F7","１５２０Ｆ　　Ｆ　１０００",137325
"G1231520F-------N3","１５２０Ｆ　　Ｎ　　　２５",0
"G1231520F-B41---F5","１５２０Ｆ　　Ｆ　　９００　Ｂ４１",0
"G1231520F-B41---F6","１５２０Ｆ　　Ｆ　　９５０　Ｂ４１",332500
"G1231520P-------F4","１５２０Ｐ　　Ｆ　　８００",0
"G1231540F-------F7","１５４０Ｆ　　Ｆ　１０００",54000
"G1231540F-------N3","１５４０Ｆ　　Ｎ　　　２５",2775
"G1231540F----S--F7","１５４０Ｆ　　Ｆ　１０００　再",0
"G1231540F----S--N3","１５４０Ｆ　　Ｎ　　　２５　再",0
"G1231540FC------F7","１５４０ＦＣ　Ｆ　１０００",1586000
"G1231540FC------N3","１５４０ＦＣ　Ｎ　　　２５",200
"G1231540FC---S--F7","１５４０ＦＣ　Ｆ　１０００　再",0
"G1231540P-------F4","１５４０Ｐ　　Ｆ　　８００",0
"G12316051M------N2","１６０５１Ｍ　Ｎ　　　２０",17720
"G12316051M------N3",,3600
"G1232040F-------F7","２０４０Ｆ　　Ｆ　１０００",785000
"G1232040F-------N3","２０４０Ｆ　　Ｎ　　　２５",23975
"G1232040FA------F7","２０４０ＦＡ　Ｆ　１０００",1149000
"G1232040FA------N3","２０４０ＦＡ　Ｎ　　　２５",525
"G1232040FC------F7","２０４０ＦＣ　Ｆ　１０００",324000
"G1232040FC------N3","２０４０ＦＣ　Ｎ　　　２５",50
"G12320B---------F7","２０Ｂ　　　　Ｆ　１０００",579000
"G12320B---------N3","２０Ｂ　　　　Ｎ　　　２５",54600
"G123220P--------F4","２２０Ｐ　　Ｆ　　８００",0
"G123221SF-------F7","２２１ＳＦ　Ｆ　１０００",495000
"G12322202M------F7","２２２０２Ｍ　Ｆ　１０００",0
"G12322202M------N3",,0
"G12323156M------F2",,12500
"G12323166M------F2","２３１６６Ｍ　Ｆ　　５００",0
"G12323206M------F2","２３２０６Ｍ　Ｆ　　５００",2000
"G12324201M------N3","２４２０１Ｍ　Ｎ　　　２５",31800
"G123250GF-------F7","２５０ＧＦ　　Ｆ　１０００",45000
"G1232515HF------F7","２５１５ＨＦ　Ｆ　１０００",1254000
"G1232515HF------N3","２５１５ＨＦ　Ｎ　　　２５",97550
"G1232515P-------F4","２５１５Ｐ　　Ｆ　　８００",993000
"G1232525F-------F7","２５２５Ｆ　　Ｆ　１０００",224525
"G1232525F-------N3","２５２５Ｆ　　Ｎ　　　２５",15000
"G1232525F-B83---F7","２５２５Ｆ　　Ｆ　１０００　Ｂ８３",0
"G1232525P-------N2","２５２５Ｐ　　Ｎ　　　２０",0
"G1232540F-------F7","２５４０Ｆ　　Ｆ　１０００",5000
"G1232540F-------N3","２５４０Ｆ　　Ｎ　　　２５",7325
"G12327308M------F2",,4400
"G12327308M------F7","２７３０８Ｍ　Ｆ　１０００",119000
"G12327308M------N3","２７３０８Ｍ　Ｎ　　　２５",7000
"G12329100M------N2","２９１００Ｍ　Ｎ　　　２０",23800
"G123299BF-------F2",,5980
"G123322W--------F7","３２２Ｗ　　　Ｆ　１０００",0
"G123335B--------F7","３３５Ｂ　　　Ｆ　１０００",0
"G1233540F-------F7","３５４０Ｆ　　Ｆ　１０００",11000
"G1233540F-------N3","３５４０Ｆ　　Ｎ　　　２５",139975
"G1233540FC------F7","３５４０ＦＣ　Ｆ　１０００",1274000
"G1233540FC------N3","３５４０ＦＣ　Ｎ　　　２５",275
"G1233540N-------N3","３５４０Ｎ　　Ｎ　　　２５",1025
"G1233570FC------F7","３５７０ＦＣ　Ｆ　１０００",3038000
"G1233570FC------N3","３５７０ＦＣ　Ｎ　　　２５",75
"G1233570FC-C41--F7",,58000
"G1233570P-------F4","３５７０Ｐ　　Ｆ　　８００",0
"G1234040F-------F7","４０４０Ｆ　　Ｆ　１０００",930000
"G1234040F-------N3","４０４０Ｆ　　Ｎ　　　２５",10350
"G1234040FC------F7",,0
"G1234040FC------N3","４０４０ＦＣ　Ｎ　　　２５",1900
"G1234040FC-B44--F7","４０４０ＦＣ　Ｆ　１０００　Ｂ４４",1132000
"G1234040FCB44S--F7","４０４０ＦＣ　Ｆ　１０００　Ｂ４４　再",0
"G1234040P-------F4","４０４０Ｐ　　Ｆ　　８００",0
"G123420SD-------F7","４２０ＳＤ　　Ｆ　１０００",270000
"G12343033M------F2","４３０３３Ｍ　Ｆ　　５００",0
"G12343033M------N2","４３０３３Ｍ　Ｎ　　　２０",3180
"G1234540F-------F7","４５４０Ｆ　　Ｆ　１０００",95000
"G1234540F-------N3",,4225
"G1234540P-------F4","４５４０Ｐ　　Ｆ　　８００",0
"G123500F--------F7","５００Ｆ　　　Ｆ　１０００",268000
"G123500F--------N3","５００Ｆ　　　Ｎ　　　２５",0
"G123500F--C21---F7",,94000
"G123502B--------F5","５０２Ｂ　　　Ｆ　９００",0
"G123502B--------N3",,6725
"G123613A--------F7","６１３Ａ　　　Ｆ　１０００",47000
"G123613A--------N3","６１３Ａ　　　Ｎ　　　２５",220475
"G123613A--B01---N3","６１３Ａ　　　Ｎ　　　２５　Ｂ０１",20600
"G123613A--B16---F7","６１３Ａ　　　Ｆ　１０００　Ｂ１６",24000
"G12362048M------F2","６２０４８Ｍ　Ｆ　　５００",92000
"G123631J--------F7","６３１Ｊ　　　Ｆ　１０００",94000
"G123631J--------N3","６３１Ｊ　　　Ｎ　　　２５",30725
"G123631J--B11---F7",,93000
"G123631J--B11---N3",,19825
"G123715FT-------F7","７１５ＦＴ　　Ｆ　１０００",19000
"G123715FTP------F4","７１５ＦＴＰ　Ｆ　８００",0
"G123720FT-------F7","７２０ＦＴ　　Ｆ　１０００",1108000
"G123720FT-------N3","７２０ＦＴ　　Ｎ　２５",100
"G123720FTP------F4","７２０ＦＴＰ　Ｆ　　８００",167000
"G123770FT-------F7","７７０ＦＴ　　Ｆ　１０００",0
"G123770FT-------N3","７７０ＦＴ　　Ｎ　２５",65000
"G123805FA-------F7","８０５ＦＡ　　Ｆ　１０００",0
"G123820DT-------A5",,6617540
"G123820DT-------F7","８２０ＤＴ　Ｆ　１０００",0
"G123820DT-------N3","８２０ＤＴ　　Ｎ　　　２５",0
"G123820DTP------F4","８２０ＤＴＰ　　Ｆ　　８００",0
"G12382105M------N3","８２１０５Ｍ　Ｎ　　　２５",16750
"G123825CA-------A5",,2977330
"G123825CA-------F7","８２５ＣＡ　　Ｆ　１０００",459778
"G123825CA-------N3",,150
"G123836CA-------F7","８３６ＣＡ　　Ｆ　１０００",1576000
"G123836CA-------N3",,75
"G12384035M------N3","８４０３５Ｍ　Ｎ　　　２５",5500
"G12385085M------N3","８５０８５Ｍ　Ｎ　　　２５",4000
"G123895FA-------F7","８９５ＦＡ　　Ｆ　１０００",56000
"G123895FA-------N3",,950
"G123AFC20H------N3","ＹＦＣ２０Ｈ　Ｎ　２５",148600
"G123B022--------F7","Ｂ０２２　　　Ｆ　１０００",195539
"G123B022--------N3","Ｂ０２２　　　Ｎ　　　２５",366025
"G123B028--------F7","Ｂ０２８　　　Ｆ　１０００",261000
"G123B028--------N3","Ｂ０２８　　　Ｎ　　　２５",75300
"G123B028-----S--F7","Ｂ０２８　　　Ｆ　１０００　再",0
"G123B028--B11---F7","Ｂ０２８　　　Ｆ　１０００　Ｂ１１",90000
"G123B028--B22---N3","Ｂ０２８　　　Ｎ　　　２５　Ｂ２２",36500
"G123B028W-------F2","Ｂ０２８Ｗ　　Ｆ　５００",214000
"G123B028W-------N3",,1400
"G123B128--------F7","Ｂ１２８　　　Ｆ　１０００",418000
"G123B128--------N3","Ｂ１２８　　　Ｎ　　　２５",70400
"G123B128--B11---F7","Ｂ１２８　　　Ｆ　１０００　Ｂ１１",44000
"G123B128H-B01---F4","Ｂ１２８Ｈ　　Ｆ　　８００　Ｂ０１",164000
"G123B128H-B01---N3","Ｂ１２８Ｈ　　Ｎ　　　２５　Ｂ０１",13225
"G123B128H-B02---F4","Ｂ１２８Ｈ　　Ｆ　　８００　Ｂ０２",368800
"G123B128H-B03---F2","Ｂ１２８Ｈ　　Ｆ　　５００　Ｂ０３",56000
"G123B129--------F7","Ｂ１２９　　　Ｆ　１０００",1735500
"G123B228--------F7","Ｂ２２８　　　Ｆ　１０００",810000
"G123B228--------N3","Ｂ２２８　　　Ｎ　　　２５",80525
"G123B228-----S--F7","Ｂ２２８　　　Ｆ　１０００　再",0
"G123B300H-------N3","Ｂ３００Ｈ　　Ｎ　　　２５",12000
"G123B300H-B11---F2","Ｂ３００Ｈ　　Ｆ　　５００　Ｂ１１",0
"G123B310H-------N3","Ｂ３１０Ｈ　　Ｎ　　２５",19450
"G123B410--------F7","Ｂ４１０　　　Ｆ　１０００",100000
"G123B410--------N3","Ｂ４１０　　　Ｎ　　　２５",17325
"G123C130--------N3","Ｃ１３０　　　Ｎ　　　２５",83575
"G123C150--------F7","Ｃ１５０　　　Ｆ　１０００",318500
"G123C150--------N3","Ｃ１５０　　　Ｎ　　　２５",123475
"G123C150N-------F7","Ｃ１５０Ｎ　　Ｆ　１０００",0
"G123C150N----S--F7","Ｃ１５０Ｎ　　Ｆ　１０００再",0
"G123C180--------A4","Ｃ１８０　　　ＡＣ１１００",233200
"G123C180--------F7","Ｃ１８０　　　Ｆ　１０００",185000
"G123C180--------N3","Ｃ１８０　　　Ｎ　　　２５",376025
"G123C180--B31---N3","Ｃ１８０　　　Ｎ　　　２５　Ｂ３１",58975
"G123C180--BB1---N3","Ｃ１８０　　　Ｎ　　　２５　ＢＢ１",17000
"G123C180--C17---N3","Ｃ１８０　　　Ｎ　　　２５　Ｃ１７",0
"G123C2495-------A1",,600
"G123C410--------F7","Ｃ４１０　　　Ｆ　１０００",529000
"G123C410--------N3","Ｃ４１０　　　Ｎ　　　２５",6375
"G123C410-----S--F7","Ｃ４１０　　　Ｆ　１０００　再",0
"G123C410--C81---F7",,56000
"G123C410A-------F7","Ｃ４１０Ａ　　Ｆ　１０００",0
"G123C435--------F5","Ｃ４３５　    Ｆ　　　９００",52084
"G123C435--------N3","Ｃ４３５　　　Ｎ　　　２５",850
"G123C435-----S--N3","Ｃ４３５　　　Ｎ　　　２５　再",0
"G123C450--------F7","Ｃ４５０　　　Ｆ　１０００",316000
"G123C450--------N3","Ｃ４５０　　　Ｎ　　　２５",371850
"G123C450-----S--F7","Ｃ４５０　　　Ｆ　１０００　再",0
"G123C454--------N3","Ｃ４５４　　　Ｎ　　　２５",29900
"G123C460--------A2","Ｃ４６０　　　ＡＣ１０００",10000
"G123C460--------F7","Ｃ４６０　　　Ｆ　１０００",69250
"G123C460--------N3","Ｃ４６０　　　Ｎ　　　２５",0
"G123C460-----S--F7","Ｃ４６０　　　Ｆ　１０００　再",0
"G123C470--------F1","Ｃ４７０　　　Ｆ　　４００",0
"G123C470--------F2","Ｃ４７０　　　Ｆ　　５００",86500
"G123C470--------F7","Ｃ４７０　　　Ｆ　１０００",194000
"G123C470--------N3",,7100
"G123C470-----S--F7","Ｃ４７０　　　Ｆ　１０００　再",0
"G123C481--------F4","Ｃ４８１　　　Ｆ　　８００",97600
"G123C481--------F7","Ｃ４８１　　　Ｆ　１０００",58000
"G123C481--------N2","Ｃ４８１　　　Ｎ　　　２０",22300
"G123C481-----S--F4","Ｃ４８１　　　Ｆ　　８００　再",0
"G123C481--C17---F4","Ｃ４８１　　　Ｆ　８００　　Ｃ１７",0
"G123C481--C17---F7","Ｃ４８１　　　Ｆ　１０００　Ｃ１７",0
"G123C481--C17---N2","Ｃ４８１　　　Ｎ　　　２０　Ｃ１７",0
"G123C481B-------F4","Ｃ４８１Ｂ　　Ｆ　　８００",0
"G123C482--------F4",,69600
"G123C487--------F7","Ｃ４８７　　　Ｆ　１０００",0
"G123C487--------N3","Ｃ４８７　　　Ｎ　　　２５",23775
"G123C490--------F7","Ｃ４９０　　　Ｆ　１０００",64000
"G123C490C-------F7",,52000
"G123C5050-------A3","Ｃ５０５０　　ＡＣ３５００",1089570
"G123C510--C17---FM","Ｃ５１０　　　Ｆ　　６００　Ｃ１７",0
"G123C520N-------00",,1683520
"G123C520N-------A3","Ｃ５２０Ｎ　　ＡＣ３５００",0
"G123C520N-------F7","Ｃ５２０Ｎ　　Ｆ　１０００",0
"G123C520N-------N3","Ｃ５２０Ｎ　　Ｎ　　　２５",10650
"G123C520N-C16---N3","Ｃ５２０Ｎ　　Ｎ　　　２５　Ｃ１６",14000
"G123C530--------F7","Ｃ５３０　　　Ｆ　１０００",942000
"G123C530--------N3","Ｃ５３０　　　Ｎ　　　２５",0
"G123C530-----S--F7","Ｃ５３０　　　Ｆ　１０００　再",0
"G123C530S-------F2",,0
"G123C535--------N3","Ｃ５３５　　　Ｎ　　　２５",311750
"G123C540--------00",,646970
"G123C550--------A3","Ｃ５５０　　　ＡＣ３５００",138660
"G123C551--------F7","Ｃ５５１　　　Ｆ　１０００",1200000
"G123C551--------N3","Ｃ５５１　　　Ｎ　　　２５",5550
"G123C551-----S--F7","Ｃ５５１　　　Ｆ　１０００　再",0
"G123C6061N------F5","Ｃ６０６１Ｎ　Ｆ　　９００",0
"G123C6061N------F7",,0
"G123C6061N------N3","Ｃ６０６１Ｎ　Ｎ　　　２５",0
"G123C6061N---S--F5","Ｃ６０６１Ｎ　Ｆ　　９００　再",0
"G123C6061N---S--F7","Ｃ６０６１Ｎ  Ｆ １０００再",0
"G123C6061NB41---F7","Ｃ６０６１Ｎ  Ｆ １０００ Ｂ４１",103000
"G123C6061NC18---F7",,0
"G123C6061NC18S--N3","Ｃ６０６１Ｎ　Ｎ　　　２５　Ｃ１８　再",0
"G123C7070-------A3","Ｃ７０７０　　ＡＣ３５００",603400
"G123C7070-------F7",,4505
"G123C790N-------N3",,1500
"G123C791B-------FM","Ｃ７９１Ｂ　　Ｆ　　６００",92400
"G123C791B-------N3","Ｃ７９１Ｂ　　Ｎ　　　２５",115300
"G123C792G-------FM",,31800
"G123C792G-------N3","Ｃ７９２Ｇ　　Ｎ　　　２５",0
"G123C793N-------N2","Ｃ７９３Ｎ　　Ｎ　　　２０",29500
"G123C794B-------FM","Ｃ７９４Ｂ　　Ｆ　　６００",88200
"G123C795B-------F2","Ｃ７９５Ｂ　　Ｆ　　５００",11500
"G123C795B-------N2","Ｃ７９５Ｂ　　Ｎ　　　２０",700
"G123C796B-------N2","Ｃ７９６Ｂ　　Ｎ　　　２０",1000
"G123C797N-------N3","Ｃ７９７Ｎ　　Ｎ　　　２５",4900
"G123C798G-------N3","Ｃ７９８Ｇ　　Ｎ　　　２５",42000
"G123C799B-------FM","Ｃ７９９Ｂ　　Ｆ　　６００",0
"G123C799B-------N3","Ｃ７９９Ｂ　　Ｎ　　　２５",0
"G123C820N-------F5","Ｃ８２０Ｎ　　Ｆ　　９００",0
"G123C820N-------F7","Ｃ８２０Ｎ　　Ｆ　１０００",0
"G123C820N-------N3","Ｃ８２０Ｎ　　Ｎ　　　２５",0
"G123C921F-------F7","Ｃ９２１Ｆ　  Ｆ １０００",0
"G123C921F-------N3",,0
"G123C921F----S--F7","Ｃ９２１Ｆ　  Ｆ １０００再",0
"G123CM-16-------A2","ＣＭ－１６　　ＡＣ１０００",0
"G123CM-17-------F7","ＣＭ－１７　　Ｆ　１０００",0
"G123CM-17-------N3","ＣＭ－１７　　Ｎ　　　２５",0
"G123CM-19-------A2","ＣＭ－１９　　ＡＣ１０００",0
"G123CM-3A-------N3","ＣＭ－３Ａ　　Ｎ　　　２５",0
"G123CM-5N-------N3","ＣＭ－５Ｎ　　Ｎ　　　２５",0
"G123CM-8--------N3","ＣＭ－８　　　Ｎ　　　２５",0
"G123CZ223A------F7","ＣＺ２２３Ａ　　Ｆ　　１０００",0
"G123CZ223A------N3","ＣＺ２２３Ａ　Ｎ　　　２５",17425
"G123CZ223A---S--F7","ＣＺ２２３Ａ　Ｆ　１０００　再",0
"G123CZ223A---S--N3","ＣＺ２２３Ａ　Ｎ　　　２５　再",0
"G123DC6061------00","ＤＣ６０６１　ＡＣ８０００",403900
"G123DC6061------A3","ＤＣ６０６１　ＡＣ３５００",63000
"G123DC6061------A4","ＤＣ６０６１　ＡＣ１１００",115500
"G123DC6061------F2","ＤＣ６０６１　Ｆ　　５００",80000
"G123DC6061------F7","ＤＣ６０６１　Ｆ　１０００",268000
"G123DC6061------N3","ＤＣ６０６１　Ｎ　　　２５",45750
"G123DC6061C17---N3","ＤＣ６０６１　Ｎ　　　２５　Ｃ１７",0
"G123DC700V------A3","ＤＣ７００Ｖ　ＡＣ３５００",77000
"G123DC700V------A4","ＤＣ７００Ｖ　ＡＣ１１００",554400
"G123DC700V------F7","ＤＣ７００Ｖ　Ｆ　１０００",481000
"G123DC700V------N3","ＤＣ７００Ｖ　Ｎ　　　２５",68900
"G123DC720-------A3","ＤＣ７２０　　ＡＣ３５００",0
"G123DC720-------A4","ＤＣ７２０　　ＡＣ１１００",49500
"G123DC720-------F7","ＤＣ７２０　　Ｆ　１０００",1000
"G123DC720-------N3","ＤＣ７２０　　Ｎ　　　２５",8175
"G123DC720----S--F7","ＤＣ７２０　　Ｆ　１０００　再",0
"G123DC730V------A3","ＤＣ７３０Ｖ　ＡＣ３５００",1500
"G123DC820-------A3","ＤＣ８２０　　ＡＣ３５００",0
"G123DC820-------F2","ＤＣ８２０　　Ｆ　　５００",61500
"G123DC820-------F7","ＤＣ８２０　　Ｆ　１０００",479000
"G123DC820-------N3","ＤＣ８２０　　Ｎ　　　２５",4000
"G123DC830-------A2","ＤＣ８３０　　ＡＣ１０００",304000
"G123DC830-------A3","ＤＣ８３０　　ＡＣ３５００",0
"G123DC830-------A4","ＤＣ８３０   ＡＣ １１００",86900
"G123DC830-------F7","ＤＣ８３０　　Ｆ　１０００",106000
"G123DC830----S--A2","ＤＣ８３０　　ＡＣ１０００　再",0
"G123DC830----S--F7","ＤＣ８３０　　Ｆ　１０００　再",0
"G123DZ691-------F7","ＤＺ６９１　　Ｆ　１０００",104000
"G123DZ691-------N3","ＤＺ６９１　　Ｎ　　　２５",275
"G123DZ691----S--F7","ＤＺ６９１　　Ｆ　１０００　再",0
"G123E531--------F7","Ｅ５３１　　　Ｆ　１０００",6323000
"G123E531-----S--F7","Ｅ５３１　　　Ｆ　１０００　再",0
"G123ES25--------F7",,15365
"G123ES30--------F7","ＥＳ３０　　　Ｆ　１０００",207000
"G123ES30--------N3","ＥＳ３０　　　Ｎ　　　２５",30000
"G123EX3939------N3","ＥＸ３９３９　Ｎ２５",0
"G123F019--------F7","Ｆ０１９　　　Ｆ　１０００",631000
"G123F019--------N3","Ｆ０１９　　　Ｎ　　　２５",90050
"G123F019--C17---N3","Ｆ０１９　　　Ｎ　　　２５　Ｃ１７",0
"G123F019A-------F7","Ｆ０１９Ａ　　Ｆ　１０００",244000
"G123F019N-------F7","Ｆ０１９Ｎ　　Ｆ　１０００",1100
"G123F019N-------N3","Ｆ０１９Ｎ　　Ｎ　　　２５",1597000
"G123F022--------F7","Ｆ０２２　　　Ｆ　１０００",26900
"G123F022--------N3","Ｆ０２２　　　Ｎ　　　２５",0
"G123F022-----S--F7","Ｆ０２２　　　Ｆ　１０００　再",0
"G123F022G-------F7","Ｆ０２２Ｇ　　Ｆ　１０００",109748
"G123F022MC------F7","Ｆ０２２ＭＣ　Ｆ　１０００",1892000
"G123F022MC---S--F7","Ｆ０２２ＭＣ　Ｆ　１０００　再",0
"G123F022NH------F7","Ｆ０２２ＮＨ　Ｆ　１０００",1160000
"G123F022NH------N3","Ｆ０２２ＮＨ　Ｎ　　　２５",136325
"G123F022NH---S--F7","Ｆ０２２ＮＨ　Ｆ　１０００　再",0
"G123F022NHC17---N3","Ｆ０２２ＮＨ　Ｎ　　　２５　Ｃ１７",0
"G123F022SE------F7","Ｆ０２２ＳＥ　Ｆ　１０００",109000
"G123F022SE------N3","Ｆ０２２ＳＥ　Ｎ　　　２５",161275
"G123F022SE---S--F7","Ｆ０２２ＳＥ　Ｆ　１０００　再",0
"G123F022T-------F7",,5000
"G123F022T-------N3",,6000
"G123F023--------F7","Ｆ０２３　　　Ｆ　１０００",79000
"G123F023--------N3","Ｆ０２３　　　Ｎ　　　２５",93575
"G123F023-----S--F7","Ｆ０２３　　　Ｆ　１０００　再",0
"G123F027--------F7","Ｆ０２７　　　Ｆ　１０００",50000
"G123F027--------N3",,0
"G123F1100-------F2","Ｆ１１００　Ｆ    ５００",75500
"G123F120N-------F7","Ｆ１２０Ｎ　　Ｆ　１０００",564000
"G123F120N-------N3","Ｆ１２０Ｎ　　Ｎ　　　２５",75875
"G123F120N----S--F7","Ｆ１２０Ｎ　　Ｆ　１０００　再",0
"G123F120N-B12---F7","Ｆ１２０Ｎ　　Ｆ　１０００　Ｂ１２",417822
"G123F120N-B12---N3",,50
"G123F120N-B31---F7","Ｆ１２０Ｎ　　Ｆ　１０００　Ｂ３１",153000
"G123F120N-C17---N3","Ｆ１２０Ｎ　　Ｎ　　　２５　Ｃ１７",0
"G123F1920A------F7",,180000
"G123F1920A------N3",,116025
"G123F1920U------F7",,322000
"G123F1920U------N3",,63750
"G123F222--------F7","Ｆ２２２　　　Ｆ　１０００",2720000
"G123F222--------N3","Ｆ２２２　　　Ｎ　　　２５",1290175
"G123F222--C17---N3","Ｆ２２２　　　Ｎ　　　２５　Ｃ１７",0
"G123F222A-------F7","Ｆ２２２Ａ　　Ｆ　１０００",488000
"G123F222A-------N3","Ｆ２２２Ａ　　Ｎ　　　２５",49225
"G123F222A----S--N3","Ｆ２２２Ａ　　Ｎ　　　２５　再",0
"G123F222F-------F7","Ｆ２２２Ｆ　　Ｆ　１０００",96000
"G123F222F-------N3",,200
"G123F222M-------F7","Ｆ２２２Ｍ　　Ｆ　１０００",173000
"G123F222NH------F7","Ｆ２２２ＮＨ　Ｆ　１０００",952815
"G123F222NH------N3","Ｆ２２２ＮＨ　Ｎ　　　２５",484375
"G123F222NH---S--F7","Ｆ２２２ＮＨ　Ｆ　１０００　再",0
"G123F222NHB31---F7",,197000
"G123F222NHB42---F7","Ｆ２２２ＮＨ　Ｆ　１０００　Ｂ４２",0
"G123F222NHC17---N3","Ｆ２２２ＮＨ　Ｎ　　　２５　Ｃ１７",0
"G123F222NHC81---F7","Ｆ２２２ＮＨ　Ｆ　１０００　Ｃ８１",0
"G123F224C-------F7","Ｆ２２４Ｃ　　Ｆ　１０００",268000
"G123F224C-------N3","Ｆ２２４Ｃ　　Ｎ　　　２５",199975
"G123F224C----S--F7","Ｆ２２４Ｃ　　Ｆ　１０００　再",0
"G123F224N-------F7","Ｆ２２４Ｎ　　Ｆ　１０００",1444944
"G123F224N-------N3","Ｆ２２４Ｎ　　Ｎ　　　２５",600
"G123F224N----S--F7","Ｆ２２４Ｎ　　Ｆ　１０００　再",0
"G123F224N-B41---F7","Ｆ２２４Ｎ　　Ｆ　１０００　Ｂ４１",0
"G123F234--------F7","Ｆ２３４　　　Ｆ　１０００",419000
"G123F234--------N3",,0
"G123F234-----S--F7","Ｆ２３４　　　Ｆ　１０００　再",0
"G123F320--------N3","Ｆ３２０　　　Ｎ　　　２５",431150
"G123F320--B41---F7","Ｆ３２０　　　Ｆ　１０００　Ｂ４１",45000
"G123F320--B41---N3","Ｆ３２０　　　Ｎ　　　２５　Ｂ４１",55000
"G123F324C-------F7","Ｆ３２４Ｃ　　Ｆ　１０００",75000
"G123F324C-------N3","Ｆ３２４Ｃ　　Ｎ　　　２５",42875
"G123F333N-------N3","Ｆ３３３Ｎ　　Ｎ　　　２５",0
"G123F333N-B47---F3","Ｆ３３３Ｎ　　Ｆ　　５５０　Ｂ４７",0
"G123F422N-------F7","Ｆ４２２Ｎ　　Ｆ　１０００",133950
"G123F522--------F7","Ｆ５２２　　　Ｆ　１０００",554000
"G123F522--------N3","Ｆ５２２　　　Ｎ　　　２５",291925
"G123F522-----S--F7","Ｆ５２２　　　Ｆ　１０００　再",0
"G123F522--B31---N3","Ｆ５２２　　　Ｎ　　　２５　Ｂ３１",16650
"G123F522B-C17---N3","Ｆ５２２Ｂ　　Ｎ　　　２５　Ｃ１７",0
"G123F522N-------F7","Ｆ５２２Ｎ　　Ｆ　１０００",1000
"G123F522N-------N3","Ｆ５２２Ｎ　　Ｎ　　　２５",30750
"G123F522N----S--N3","Ｆ５２２Ｎ　　Ｎ　　　２５　再",0
"G123F522N-B42---F7","Ｆ５２２Ｎ　　Ｆ　１０００　Ｂ４２",922000
"G123F522N-B42---N3","Ｆ５２２Ｎ　　Ｎ　　　２５　Ｂ４２",1168600
"G123F522N-B45---F7","Ｆ５２２Ｎ　　Ｆ　１０００　Ｂ４５",93000
"G123F522N-C17---N3","Ｆ５２２Ｎ　　Ｎ　　　２５　Ｃ１７",0
"G123FL123-------F7",,2071000
"G123FL123-------N3",,86400
"G123FL123B------F7","ＦＬ１２３Ｂ　Ｆ　１０００",0
"G123FL123B------N3","ＦＬ１２３Ｂ　Ｎ　　　２５",0
"G123FL225-------F7","ＦＬ２２５　　Ｆ　１０００",1376000
"G123FL225-------N3","ＦＬ２２５　　Ｎ　　　２５",75550
"G123GZ555-------N3","ＧＺ５５５　　Ｎ　　　２５",1000
"G123GZ555Y------N3","ＧＺ５５５Ｙ　Ｎ　　　２５",3050
"G123J1019-------N3","Ｊ１０１９　　Ｎ　　　２５",35525
"G123J2326-------F7","Ｊ２３２６　　Ｆ　１０００",90000
"G123J2326-------N3","Ｊ２３２６　　Ｎ　　　２５",0
"G123J2516-------F2","Ｊ２５１６　　Ｆ　　５００",60000
"G123J2516-------F7","Ｊ２５１６　　Ｆ　１０００",1000
"G123J2516-------N3","Ｊ２５１６　　Ｎ　　　２５",22125
"G123J2516-C17---N3","Ｊ２５１６　　Ｎ　　　２５　Ｃ１７",25
"G123J2522-------F7","Ｊ２５２２　　Ｆ　１０００",420000
"G123J2522-------N3","Ｊ２５２２　　Ｎ　　　２５",301300
"G123J2522-B43---F7","Ｊ２５２２　　Ｆ　１０００　Ｂ４３",70000
"G123J2522-C17---N3","Ｊ２５２２　　Ｎ　　　２５　Ｃ１７",0
"G123J3519-------F7","Ｊ３５１９　　Ｆ　１０００",1229000
"G123J3519-------N3","Ｊ３５１９　　Ｎ　　　２５",185200
"G123J3519----S--F7","Ｊ３５１９　　Ｆ　１０００　再",0
"G123J3519-B25---F7","Ｊ３５１９　　Ｆ　１０００　Ｂ２５",7000
"G123J3519-B31---F7","Ｊ３５１９　　Ｆ　１０００　Ｂ３１",3927000
"G123J3519-B31S--F7","Ｊ３５１９　　Ｆ　１０００　Ｂ３１　再",0
"G123J3519-B43---N3","Ｊ３５１９　　Ｎ　　　２５　Ｂ４３",0
"G123J3519-C47---F3","Ｊ３５１９　　Ｆ　　５５０　Ｃ４７",0
"G123J3519-C47S--F3","Ｊ３５１９　　Ｆ　　５５０　Ｃ４７　再",0
"G123J3524-------N3","Ｊ３５２４　　Ｎ　　　２５",34800
"G123J5016-B43---F7",,29665
"G123J5019-------F7","Ｊ５０１９　　Ｆ　１０００",1201000
"G123J5019-------N3","Ｊ５０１９　　Ｎ　　　２５",247225
"G123J5019-C17---N3","Ｊ５０１９　　Ｎ　　　２５　Ｃ１７",0
"G123J6016-------N3","Ｊ６０１６　　Ｎ　　　２５",2400
"G123L220--------F7","Ｌ２２０　　　Ｆ　１０００",0
"G123L518--------F7","Ｌ５１８　　　Ｆ　１０００",57900
"G123L518--------N3","Ｌ５１８　　　Ｎ　　　２５",375
"G123L719--------F7","Ｌ７１９　　　Ｆ　１０００",623940
"G123L719--------N3","Ｌ７１９　　　Ｎ　　　２５",108525
"G123L719-----S--F7","Ｌ７１９　　　Ｆ　１０００　再",0
"G123L719--B45---F7","Ｌ７１９　　　Ｆ　１０００　Ｂ４５",604000
"G123L719--B45---N3",,1000
"G123L719--B45S--F7","Ｌ７１９　　　Ｆ　１０００　Ｂ４５　再",0
"G123L719--C17---N3","Ｌ７１９　　　Ｎ　　　２５　Ｃ１７",25
"G123M105--------N3","Ｍ１０５　　　Ｎ　　　２５",48900
"G123M105-----S--N3","Ｍ１０５　　　Ｎ　　　２５　再",0
"G123M105K-------N3","Ｍ１０５Ｋ　　Ｎ　　　２５",0
"G123M1920U------F7",,203000
"G123M1920U------N3",,30650
"G123M205--------N3","Ｍ２０５　　　Ｎ　　　２５",6500
"G123M305--------N3","Ｍ３０５　　　Ｎ　　　２５",494675
"G123M305-----S--N3","Ｍ３０５　　　Ｎ　　　２５　再",0
"G123M305--B61---N3","Ｍ３０５　　　Ｎ　　　２５　Ｂ６１",3250
"G123M405--------N3","Ｍ４０５　　　Ｎ　　　２５",118375
"G123M425--------N3","Ｍ４２５　　　Ｎ　　　２５",30750
"G123M525--------N3","Ｍ５２５　　　Ｎ　　　２５",525
"G123M615S-------N3","Ｍ６１５Ｓ　　Ｎ　　　２５",17500
"G123M705--------N3","Ｍ７０５　　　Ｎ　　　２５",5650
"G123M705M-------N3","Ｍ７０５Ｍ　　Ｎ　　　２５",16500
"G123M705M----S--N3","Ｍ７０５Ｍ　　Ｎ　　　２５　再",0
"G123M715--------F7","Ｍ７１５　　　Ｆ　１０００",0
"G123M715--------N3","Ｍ７１５　　　Ｎ　　　２５",34625
"G123M715-----S--F7","Ｍ７１５　　　Ｆ　１０００　再",0
"G123M86155------N3","Ｍ８６１５５　Ｎ　　　２５",13000
"G123M87085------N3","Ｍ８７０８５　Ｎ　　　２５",0
"G123MFS---------N3","ＭＦＳ　　　Ｎ　　　２５",2525
"G123MG801-------N3","ＭＧ８０１　　Ｎ　　　２５",0
"G123MKP---------F7","ＭＫＰ  　　Ｆ  １０００",0
"G123MKP---------N3","ＭＫＰ　　　Ｎ　　　２５",5025
"G123MR50--------F2","ＭＲ５０　　Ｆ　　５００",27000
"G123MUB4--------F7",,74434
"G123MUD---------N3","ＭＵＤ　　　　Ｎ　　　２５",60025
"G123MUT---------F7","ＭＵＴ　　　　Ｆ　１０００",0
"G123MUT---------N3","ＭＵＴ　　　　Ｎ　　　２５",250825
"G123MUT3--------N3","ＭＵＴ３　　　Ｎ　　　２５",20000
"G123MV30--------N3","ＭＶ３０　　　Ｎ　　　２５",600
"G123MVH6--------N3","ＭＶＨ６　　　Ｎ　　　２５",37125
"G123MWA---------N3","ＭＷＡ　　　　Ｎ　　　２５",0
"G123MWG---------N3","ＭＷＧ　　　　Ｎ　　　２５",30925
"G123MWG---B31---N3","ＭＷＧ　　　　Ｎ　　　２５　Ｂ３１",0
"G123MWGV--------F1","ＭＷＧＶ　　　Ｆ　４００",0
"G123MWGV--------N3","ＭＷＧＶ　　　Ｎ　２５",0
"G123MWIH--------N3","ＭＷＩＨ　　　Ｎ　　　２５",9900
"G123MWM---------N3","ＭＷＭ　　　　Ｎ　　　２５",9725
"G123MWM------S--N3","ＭＷＭ　　　　Ｎ　　　２５　再",0
"G123MWMV--------F5","ＭＷＭＶ　　　Ｆ　９００",0
"G123MWMV--------N3","ＭＷＭＶ　　　Ｎ　２５",0
"G123MWS---------N3","ＭＷＳ　　　　Ｎ　　　２５",75
"G123MWXM3-------N3","ＭＷＸＭ３　　Ｎ　　　２５",25
"G123MX24C-------FM","ＭＸ２４Ｃ　Ｆ　　　６００",0
"G123MXATB-------N3","ＭＸＡＴＢ　　Ｎ　　　２５",0
"G123MXATC-------N3","ＭＸＡＴＣ　　Ｎ　　　２５",0
"G123MXMC--------N3","ＭＸＭＣ　　　Ｎ　　　２５",0
"G123MXYD--------N3","ＭＸＹＤ　Ｎ　　　２５",0
"G123MZ474D------F7","ＭＺ４７４Ｄ　Ｆ　１０００",0
"G123MZ562-------N3","Ｚ５６２　　　Ｎ　　　２５",0
"G123MZ572-------N3","ＭＺ５７２　　Ｎ　　　２５",12150
"G123MZ592-------F1","ＭＺ５９２　　Ｆ　４００",0
"G123MZ592-------N3","ＭＺ５９２　　Ｎ　　　２５",100
"G123MZ652-------N3","ＭＺ６５２　　Ｎ　　　２５",16050
"G123MZ700-------N3","ＭＺ７００　　Ｎ　　　２５",0
"G123MZ702-------F7","ＭＺ７０２　　Ｆ　１０００",0
"G123MZ702-------N3","ＭＺ７０２　　Ｎ　　　２５",0
"G123MZ706-------N3","ＭＺ７０６　　Ｎ　　　２５",0
"G123NV1245------N2","ＮＶ１２４５　Ｎ　　　２０",0
"G123NVP-G-------N3","ＮＶＰ－Ｇ　　Ｎ　　　２５",0
"G123P6061N------N3","Ｐ６０６１Ｎ　Ｎ　　　２５",15475
"G123PB128-------N3",,100
"G123PC820N------N3",,11300
"G123PE531-------F7",,30726
"G123PE531-------N3","ＰＥ５３１　　Ｎ　　　２５",0
"G123PF105S------N3","ＰＦ１０５Ｓ　Ｎ　　　２５",14000
"G123PF224N------F7","ＰＦ２２４Ｎ　Ｆ　１０００",171618
"G123PF522N------N3","ＰＦ５２２Ｎ　Ｎ　　　２５",100
"G123PQ300-------N3",,22500
"G123PR600-------N3",,83025
"G123PV----------F7","ＰＶ　　　　　Ｆ　１０００",0
"G123PV----------N3","ＰＶ　　　　　Ｎ　　　２５",144825
"G123PV-------S--N3","ＰＶ　　　　　Ｎ　　　２５　再",0
"G123PVF205------N3","ＰＶＦ２０５　Ｎ　　　２５",0
"G123Q100--------N3",,12850
"G123Q200--------N3","Ｑ２００　　　Ｎ　　　２５",338750
"G123Q300--------N3","Ｑ３００　　　Ｎ　　　２５",84775
"G123QF023-------N3",,4000
"G123QF222-------F7",,19627
"G123QF222-------N3","ＱＦ２２２　　Ｎ　　　２５",18000
"G123QF222F------N3",,6625
"G123QF224C------N3",,85850
"G123QF234-------N3","ＱＦ２３４　　Ｎ　　　２５",3075
"G123QX----------F5","ＱＸ　　　　　Ｆ　　９００",0
"G123QX----------F7","ＱＸ　　　　　Ｆ　１０００",156957
"G123QX----------N3","ＱＸ　　　　　Ｎ　　　２５",121675
"G123QX----B16---F7","ＱＸ　　　　　Ｆ　１０００　Ｂ１６",0
"G123QX----B16---N3","ＱＸ　　　　　Ｎ　　　２５　Ｂ１６",0
"G123QX----C16---F7",,40965
"G123QX----C16---N3",,150
"G123QZ391-------F7",,58316
"G123QZ391-------N3","ＱＺ３９１　　Ｎ　　　２５",55325
"G123R300--------F7","Ｒ３００　　　Ｆ　１０００",3037000
"G123R300--------N3","Ｒ３００　　　Ｎ　　　２５",583275
"G123R300-----S--F7","Ｒ３００　　　Ｆ　１０００　再",0
"G123R300--B41---F7","Ｒ３００　　　Ｆ　１０００　Ｂ４１",254000
"G123R300--B41S--F7","Ｒ３００　　　Ｆ　１０００　Ｂ４１　再",0
"G123R300--B61---F7","Ｒ３００　　　Ｆ　１０００　Ｂ６１",405000
"G123R300--B61S--F7","Ｒ３００　　　Ｆ　１０００　Ｂ６１　再",0
"G123R300--B82---N3",,10000
"G123R300--C17---N3","Ｒ３００　　　Ｎ　　　２５　Ｃ１７",0
"G123R300A-------N3","Ｒ３００Ａ　　Ｎ　　　２５",140500
"G123R300UD------F7","Ｒ３００ＵＤ　Ｆ　１０００",15000
"G123R300UD------N3",,27150
"G123R350--------F7","Ｒ３５０　　　Ｆ　１０００",0
"G123R350-----S--F7","Ｒ３５０　　　Ｆ　１０００　再",0
"G123R350--B42---F7","Ｒ３５０　　　Ｆ　１０００　Ｂ４２",3000
"G123R350--B42---N3","Ｒ３５０　　　Ｎ　　　２５　Ｂ４２",0
"G123R500--------F7","Ｒ５００　　　Ｆ　１０００",633000
"G123R500--------N3","Ｒ５００　　　Ｎ　　　２５",421950
"G123R500-----S--F7","Ｒ５００　　　Ｆ　１０００　再",0
"G123R500--C43---F7","Ｒ５００　　　Ｆ　１０００　Ｃ４３",0
"G123R600--------F7","Ｒ６００　　　Ｆ　１０００",763000
"G123SC700V------F7","ＳＣ７００Ｖ　Ｆ　１０００",95101
"G123SCP---------F2","ＳＣＰ　　　　Ｆ　　５００",0
"G123SCP---------F7","ＳＣＰ　　　　Ｆ　１０００",0
"G123SCP---------N3","ＳＣＰ　　　　Ｎ　　　２５",0
"G123SCPLL-------F7","ＳＣＰＬＬ　　Ｆ　１０００",0
"G123SCPV--------F7","ＳＣＰＶ　　　Ｆ　１０００",0
"G123SCPV--------N3","ＳＣＰＶ　　　Ｎ　　　２５",0
"G123SP2040------F7",,360815
"G123SP204F------F7",,421241
"G123SR30AQ------F7","ＳＲ３０ＡＱ　Ｆ　１０００",120000
"G123TSS2--------N3",,29325
"G123TSSV--------F7","ＴＳＳＶ　　　Ｆ　１０００",149184
"G123TSSV--------N2",,840
"G123TSSV--------N3",,87100
"G123UC138-------F7","ＵＣ１３８　　Ｆ　１０００",0
"G123UC161-------F7","ＵＣ１６１　　Ｆ　１０００",0
"G123UC180E------F7","ＵＣ１８０Ｅ　　Ｆ　１０００",0
"G123UC197-------F7","ＵＣ１９７　　Ｆ　１０００",0
"G123UCMB--------F7","ＵＣＭＢ　　　　Ｆ　１０００",0
"G123UM1120------N2",,560
"G123UM1121------N2",,300
"G123UM1340------N2",,2600
"G123UM1380------N2","ＵＭ１３８０　Ｎ　　　２０",103460
"G123UM1415------N2","ＵＭ１４１５　Ｎ　　　２０",2820
"G123UM1420------N2","ＵＭ１４２０　Ｎ　　　２０",76920
"G123UM1524------N2",,200
"G123UM1530------N2","ＵＭ１５３０　Ｎ　　　２０",3460
"G123UM1610------N2","ＵＭ１６１０　Ｎ　　　２０",12080
"G123UM1805------N2","ＵＭ１８０５　Ｎ　　　２０",1580
"G123UM1820------N2","ＵＭ１８２０　Ｎ　　　２０",200
"G123UM1885------N2",,880
"G123UM1970------N2","ＵＭ１９７０　Ｎ　　　２０",0
"G123UM1980------N2","ＵＭ１９８０　Ｎ　　　２０",1400
"G123UM2520------N2",,0
"G123UM2534------N2",,1420
"G123UM2536------N2",,0
"G123UM2540------N2",,800
"G123UM2545------N2",,360
"G123UM2580------N2",,100
"G123UM2615------N2","ＵＭ２６１５　Ｎ　　　２０",7620
"G123UM2700------N2","ＵＭ２７００　Ｎ　　　２０",7200
"G123UM3117------N2","ＵＭ３１１７　Ｎ　　　２０",1000
"G123UM311G------F7","ＵＭ３１１Ｇ　Ｆ　１０００",0
"G123UM3166------N2",,520
"G123UM3216------N2",,1300
"G123UM3610------N2",,440
"G123UM3620------N2",,440
"G123UM3970------N2","ＵＭ３９７０　Ｎ　　　２０",4400
"G123UM4200------N2",,900
"G123UM4313------N2",,920
"G123UM4351------N2","ＵＭ４３５１  Ｎ　　　２０",2720
"G123UM4355------N2","ＵＭ４３５５　Ｎ　　　２０",15040
"G123UM4370------N2","ＵＭ４３７０　Ｎ　　　２０",8640
"G123UM4385------N2","ＵＭ４３８５　Ｎ　　　２０",400
"G123UM4410------N2","ＵＭ４４１０　Ｎ　　　２０",740
"G123UM447-------F7","ＵＭ４４７　　Ｆ　１０００",0
"G123UM4470------N2","ＵＭ４４７０　Ｎ　　　２０",120820
"G123UM4470---S--N2","ＵＭ４４７０　Ｎ　　　２０　再",0
"G123UM4830------N2",,380
"G123UM5570------N2",,900
"G123UM5805------N2",,400
"G123UM5820------N2","ＵＭ５８２０　Ｎ　　　２０",0
"G123UM587-------F7","ＵＭ５８７　　Ｆ　１０００",0
"G123UM5870------N2","ＵＭ５８７０　Ｎ　　　２０",39200
"G123UM5910------N2",,2840
"G123UM5951------N2",,940
"G123UM5970------N2","ＵＭ５９７０　Ｎ　　　２０",3080
"G123UM6070------N2",,920
"G123UM6240------N2",,900
"G123UM6280------N2",,420
"G123UM7420------N2",,300
"G123UM7860------N2","ＵＭ７８６０　Ｎ　　　２０",9680
"G123UM7885------N2",,380
"G123UM789-------F7","ＵＭ７８９　　Ｆ　１０００",0
"G123UM7890------N2","ＵＭ７８９０　Ｎ　　　２０",14300
"G123UM8350------N2",,17440
"G123UM8420------N2","ＵＭ８４２０　Ｎ　　　２０",30380
"G123UM8430------N2","ＵＭ８４３０　Ｎ　　　２０",0
"G123UM8470------N2",,1560
"G123UM8510------N2","ＵＭ８５１０　Ｎ　　　２０",16500
"G123UM8530------N2","ＵＭ８５３０　Ｎ　　　２０",0
"G123UM885-------F7",,0
"G123UM8850------N2","ＵＭ８８５０　Ｎ　　　２０",6800
"G123UM915-------N1","ＵＭ９１５　　Ｎ　　　１５",0
"G123UM920-------N1","ＵＭ９２０　　Ｎ　　　１５",0
"G123UM930-------N1","ＵＭ９３０　　Ｎ　　　１５",0
"G123UM940-------N1","ＵＭ９４０　　Ｎ　　　１５",0
"G123UMMC--------N3","ＵＭＭＣ　　　Ｎ      ２５",0
"G123V106--------F7","Ｖ１０６　　　Ｆ　１０００",169000
"G123V106--------N3","Ｖ１０６　　　Ｎ　　　２５",58625
"G123V106--B41---F7","Ｖ１０６　　　Ｆ　１０００　Ｂ４１",417000
"G123V106--C42---F7","Ｖ１０６　　　Ｆ　１０００　Ｃ４２",487000
"G123V106-P------F7",,8000
"G123V115--------F7","Ｖ１１５　　　Ｆ　１０００",238000
"G123V115--------N3","Ｖ１１５　　　Ｎ　　　２５",100300
"G123V115--C41---N3","Ｖ１１５　　　Ｎ　　　２５　Ｃ４１",0
"G123V115--C41S--N3","Ｖ１１５　　　Ｎ　　　２５　Ｃ４１再",0
"G123V206--------F7","Ｖ２０６　　　Ｆ　１０００",55000
"G123V206--------N3","Ｖ２０６　　　Ｎ　　　２５",1700
"G123V206--B11---F7","Ｖ２０６　　　Ｆ　１０００　Ｂ１１",269000
"G123V206--B43---F7","Ｖ２０６　　　Ｆ　１０００　Ｂ４３",0
"G123V206--C17---N3","Ｖ２０６　　　Ｎ　　　２５　Ｃ１７",0
"G123V206--C18---F7","Ｖ２０６　　　Ｆ　１０００　Ｃ１８",0
"G123V210--------F7","Ｖ２１０　　　Ｆ　１０００",100000
"G123V210--------N3","Ｖ２１０　　　Ｎ　　　２５",44975
"G123V215--------F7","Ｖ２１５　　　Ｆ　１０００",28000
"G123V215--------N3","Ｖ２１５　　　Ｎ　　　２５",201175
"G123V215--C01---F7","Ｖ２１５　　　Ｆ　１０００　Ｃ０１",332000
"G123V215--C01S--F7","Ｖ２１５　　　Ｆ　１０００　Ｃ０１　再",0
"G123V215--C02---F7","Ｖ２１５　　　Ｆ　１０００　Ｃ０２",50000
"G123V215--C17---N3","Ｖ２１５　　　Ｎ　　　２５　Ｃ１７",20000
"G123V215--C17S--N3","Ｖ２１５　　　Ｎ　　 ２５ Ｃ１７　再",0
"G123V215--C41---F7","Ｖ２１５　　　Ｆ　１０００　Ｃ４１",706000
"G123V215--C47---N3","Ｖ２１５　　　Ｎ　　　２５　Ｃ４７",0
"G123V215--C97---N3","Ｖ２１５　　　Ｎ　　　２５　Ｃ９７",25
"G123V218--------F7","Ｖ２１８　　　Ｆ　１０００",2000
"G123V218-----S--F7","Ｖ２１８　　　Ｆ　１０００　　再",0
"G123V218-----S--N3","Ｖ２１８　　　Ｎ　　　２５　　再",0
"G123V218--B41---F7","Ｖ２１８　　　Ｆ　１０００　Ｂ４１",26000
"G123V218--C17---N3","Ｖ２１８　　　Ｎ　　　２５　Ｃ１７",97375
"G123V218--C41---F7","Ｖ２１８　　　Ｆ　１０００　Ｃ４１",0
"G123V220--------N3","Ｖ２２０　　　Ｎ　　　２５",8900
"G123V220--C17---N3",,53500
"G123V221--------N3","Ｖ２２１　　　Ｎ　　　２５",68075
"G123V221--C17---N3","Ｖ２２１　　　Ｎ　　　２５　Ｃ１７",0
"G123V221N-------F7","Ｖ２２１Ｎ　　Ｆ　１０００",270000
"G123V221N-------N3","Ｖ２２１Ｎ　　Ｎ　　　２５",55250
"G123V315--------N3","Ｖ３１５　　　Ｎ　　　２５",29850
"G123V319--------N3","Ｖ３１９　　　Ｎ　　　２５",12375
"G123V322--C17---N3","Ｖ３２２　　　Ｎ　　　２５　Ｃ１７",25
"G123VB202B------F6","ＶＢ２０２Ｂ　Ｆ　　９５０",540550
"G123VB204T------F7","ＶＢ２０４Ｔ　Ｆ　　１０００",81975
"G123VF104G------F7",,17887
"G123VF105G------F7",,38000
"G123VF105S------F7","ＶＦ１０５Ｓ　　Ｆ　１０００",513000
"G123VF105S------N3","ＶＦ１０５Ｓ　　Ｎ　　　２５",10125
"G123VF105T------F7","ＶＦ１０５Ｔ　　Ｆ　１０００",0
"G123VF105T------N3","ＶＦ１０５Ｔ　　Ｎ　　　２５",0
"G123VF115G------F7","ＶＦ１１５Ｇ　　Ｆ　１０００",842950
"G123VF115G------N3",,0
"G123VF115S------F7","ＶＦ１１５Ｓ　　Ｆ　１０００",284000
"G123VF115S------N3","ＶＦ１１５Ｓ　　Ｎ　　　２５",4050
"G123VF120S------F7","ＶＦ１２０Ｓ　　Ｆ　１０００",1216000
"G123VF120S------N3","ＶＦ１２０Ｓ　　Ｎ　　　２５",164700
"G123VF120SC41---N3","ＶＦ１２０Ｓ　　Ｎ　　　２５　Ｃ４１",0
"G123VF120T------F7","ＶＦ１２０Ｔ　　Ｆ　１０００",40000
"G123VF120T------N3","ＶＦ１２０Ｔ　　Ｎ　　　２５",35150
"G123VF1530------F7",,56615
"G123VF205-------F7","ＶＦ２０５　　　Ｆ　１０００",418000
"G123VF205----S--F7","ＶＦ２０５　　　Ｆ　１０００　再",0
"G123VF210G------F7","ＶＦ２１０Ｇ　　Ｆ　１０００",0
"G123VF210G------N3",,25
"G123VF210GC41---N3","ＶＦ２１０Ｇ　　Ｎ　　　２５　Ｃ４１",0
"G123VF215C------F7","ＶＦ２１５Ｃ　Ｆ　１０００",45000
"G123VF215C------N3",,150
"G123VF215C---S--F7","ＶＦ２１５Ｃ　Ｆ　１０００　再",0
"G123VF215CB01---F7","ＶＦ２１５Ｃ　Ｆ　１０００　Ｂ０１",840000
"G123VF215CB12---F7","ＶＦ２１５Ｃ　Ｆ　１０００　Ｂ１２",40000
"G123VF215CB31---F7","ＶＦ２１５Ｃ　Ｆ　１０００　Ｂ３１",0
"G123VF215CC02---F7","ＶＦ２１５Ｃ　Ｆ　１０００　Ｃ０２",563000
"G123VF215CC02S--F7","ＶＦ２１５Ｃ　Ｆ　１０００　Ｃ０２　再",0
"G123VF300-------F7","ＶＦ３００　　Ｆ　１０００",0
"G123VF3030------FT","ＶＦ３０３０　　Ｆ　　８５０",2435910
"G123VF3030---S--F5","ＶＦ３０３０　　Ｆ　　９００　再",0
"G123VF3030---S--FT","ＶＦ３０３０　　Ｆ　　８５０　再",0
"G123VZ259-------N3","ＶＺ２５９　　Ｎ　　　２５",0
"G123VZ289-------F5","ＶＺ２８９　　Ｆ　　９００",0
"G123VZ297A------F7","ＶＺ２９７Ａ　Ｆ　１０００",0
"G123VZ297A------N3","ＶＺ２９７Ａ　Ｎ　　　２５",0
"G123VZ297S------N3","ＶＺ２９７Ｓ　Ｎ　　　２５",0
"G123VZ385A------F7","ＶＺ３８５Ａ　Ｆ　１０００",0
"G123VZ668-------N3","ＶＺ６６８　Ｎ　　　２５",0
"G123VZ726-------FM",,0
"G123VZ726-------FT","ＶＺ７２６　　　Ｆ　　８５０",0
"G123VZ726----S--F5","ＶＺ７２６　　　Ｆ　　９００　再",0
"G123VZ726----S--FT","ＶＺ７２６　　　Ｆ　　８５０　再",0
"G123VZ727-------FT","ＶＺ７２７　　　Ｆ　　８５０",0
"G123VZ730-------F7","ＶＺ７３０　　　Ｆ　１０００",0
"G123VZ731-------F7","ＶＺ７３１　　　Ｆ　１０００",0
"G123VZ732-------N3","ＶＺ７３２　　　Ｎ　　　２５",0
"G123XF3000------N3",,4650
"G123XF3000B72---F5","ＸＦ３０００　Ｆ  　９００　Ｂ７２",0
"G123XF3000B72---N3","ＸＦ３０００　Ｎ    　２５　Ｂ７２",43600
"G123XF3000C17---N3","ＸＦ３０００　Ｎ    　２５　Ｃ１７",2900
"G123XF3000C43---N3","ＸＦ３０００　Ｎ    　２５　Ｃ４３",6500
"G123XM1000------F2","ＸＭ１０００　Ｆ　　５００",0
"G123XM1000------N3",,100
"G123XTTF81------F4",,16000
"G123XTTF83------F4","ＸＴＴＦ８３　Ｆ　　８００",1283312
"G123Y1300J------N3","１３００Ｊ　　Ｎ　　２５",0
"G123Y2070-------F7","２０７０　　　Ｆ　１０００",133000
"G123Y2070-------N3","２０７０　　　Ｎ　　　２５",800
"G123Y2500-------F2","Ｇ２５００　　Ｆ　　５００",9500
"G123Y2500-------N3","Ｇ２５００　　Ｎ　　　２５",0
"G123Y2500----S--F2","Ｇ２５００　　Ｆ　　５００　再",0
"G123YC18NJ------F2","ＹＦＣ１８ＮＪ　Ｆ　５００",123500
"G123YFC20H------F3","ＹＦＣ２０Ｈ　Ｆ　５５０",625900
"G123YFC20H------F7","ＹＦＣ２０Ｈ　Ｆ　１０００",2000
"G123YGA401------N3","ＧＡ４０１　　Ｎ　　　２５",0
"G123YGA701------N3","ＧＡ７０１　　Ｎ　　　２５",0
"G123YGA801------N3","ＧＡ８０１　　Ｎ　　　２５",0
"G123YK1010------F7","ＹＫ１０１０　Ｆ　１０００",0
"G123YK1010---S--F7","ＹＫ１０１０　Ｆ　１０００　再",0
"G123YL1850------F7","Ｌ１８５０Ａ　Ｆ　１０００",0
"G123YP9820------F7","Ｐ９８２０－１　Ｆ　１０００",0
"G123YP9820------N3","Ｐ９８２０－１　Ｎ　　　２５",0
"G123Z322--------N3","Ｚ３２２　　　Ｎ　　　２５",84175
"G123Z322--C17---F3","Ｚ３２２　　　Ｆ　　５５０　Ｃ１７",0
"G123Z322--C17S--F3","Ｚ３２２　　　Ｆ　　５５０　Ｃ１７再",0
"G123Z372--------F7","Ｚ３７２　　　Ｆ　１０００",381000
"G123Z372--------N3",,26475
"G123Z372-----S--F7","Ｚ３７２　　　Ｆ　１０００　再",0
"G123Z372--B42---F7","Ｚ３７２　　　Ｆ　１０００　Ｂ４２",0
"G123Z372--B45---F7","Ｚ３７２　　　Ｆ　１０００　Ｂ４５",134000
"G123Z391--------F7","Ｚ３９１　　　Ｆ　１０００",1326000
"G123Z391--------N3","Ｚ３９１　　　Ｎ　　　２５",73925
"G123Z391-----S--F7","Ｚ３９１　　　Ｆ　１０００　再",0
"G123Z452UV------F7","Ｚ４５２ＵＶ　Ｆ　１０００",191000
"G123Z455N-------F7","Ｚ４５５Ｎ　　Ｆ　１０００",0
"G123Z455N----S--F7","Ｚ４５５Ｎ　　Ｆ　１０００　再",0
"G123Z455N-B42---F7","Ｚ４５５Ｎ　　Ｆ　１０００　Ｂ４２",0
"G123Z463--------F2",,0
"G123Z463--------F7","Ｚ４６３　　　Ｆ　１０００",6000
"G123Z463--------N3","Ｚ４６３　　　Ｎ　　　２５",63175
"G123Z463A-------F7","Ｚ４６３Ａ　　Ｆ　１０００",521000
"G123Z481--------F7","Ｚ４８１　　　Ｆ　１０００",0
"G123Z481--------N3",,0
"G123Z543--------F7","Ｚ５４３　　　Ｆ　１０００",90000
"G123Z568--------F7","Ｚ５６８　　　Ｆ　１０００",250000
"G123Z568--------N3","Ｚ５６８　　　Ｎ　　　２５",0
"G123Z601--------F7","Ｚ６０１　　　Ｆ　１０００",20000
"G123Z601--------N3","Ｚ６０１　　　Ｎ　　　２５",0
"G123Z602--------F2","Ｚ６０２　　　Ｆ　　５００",3000
"G123Z645--------F7","Ｚ６４５　　　Ｆ　１０００",112000
"G123Z652--------F7","Ｚ６５２　　　Ｆ　１０００",127000
"G123Z652--------N3","Ｚ６５２　　　Ｎ　　　２５",800
"G123Z653--------F7","Ｚ６５３　　　Ｆ　１０００",404975
"G123Z653--------N3",,0
"G123Z657--------F7","Ｚ６５７　　　Ｆ　１０００",0
"G123Z657--------N3","Ｚ６５７　　　Ｎ　　　２５",208100
"G123Z657--B31---N3","Ｚ６５７　　　Ｎ　　　２５　Ｂ３１",66000
"G123Z670--------F7","Ｚ６７０　　　Ｆ　１０００",221000
"G123Z670--------N3",,28000
"G123Z670-----S--F7","Ｚ６７０　　　Ｆ　１０００　再",0
"G123Z702--------N3","Ｚ７０２　　　Ｎ　　　２５",0
"G123Z707--------F6",,12200
"G123Z711--------F7","Ｚ７１１　　　Ｆ　１０００",0
"G123Z715--------F7",,21000
"G123Z715--------N3","Ｚ７１５　　　Ｎ　　　２５",7250
"G123Z717--------F7","Ｚ７１７　　　Ｆ　１０００",0
"G123Z725--------F7","Ｚ７２５　　　Ｆ　１０００",0
"G123Z725--------N3","Ｚ７２５　　　Ｎ　　　２５",0
"G123Z728--------F7","Ｚ７２８　　　Ｆ　１０００",0
"G123ZC006-------F7","ＺＣ００６　　Ｆ　１０００",0
"G123ZC006-------N3","ＺＣ００６　　Ｎ　　　２５",0
"G123ZC022-------F4","ＺＣ０２２　　Ｆ　　８００",0
"G123ZC023-------N3","ＺＣ０２３　　Ｎ    　２５",200
"G123ZC027-------N3","ＺＣ０２７　Ｎ　　　２５",0
"G123ZC028-------F5","ＺＣ０２８  Ｆ    ９００",0
"G123ZC028-------N3","ＺＣ０２８　Ｎ　　　２５",0
"G123ZE708-------F7","ＺＥ７０８　　Ｆ　１０００",0
"G123ZE708-------N3","ＺＥ７０８　　Ｎ　　　２５",0
"G123ZE709-------F7","ＺＥ７０９　　Ｆ　１０００",0
"G123ZE709-------N3","ＺＥ７０９　　Ｎ　　　２５",0
"G123ZE710-------N3","ＺＥ７１０　　Ｎ　　　２５",0
"G123ZE719-------F7","ＺＥ７１９　　Ｆ　１０００",0
"G123ZE720-------F7","ＺＥ７２０　　Ｆ　１０００",0
"G123ZE721-------F7","ＺＥ７２１　　Ｆ　１０００",0
"G123ZM032-------F7","ＺＭ０３２　　Ｆ　１０００",17000
"G123ZM032-------N3","ＺＭ０３２　　Ｎ　　　２５",1350
"G123ZM070-------F7",,20000
"G123ZM070-------N3",,725
"G123ZM070P------F4","ＺＭ０７０Ｐ　　Ｆ　　８００",0
"G123ZM075P------F4","ＺＭ０７５Ｐ　Ｆ　　８００",0
"G123ZM076-------F7","ＺＭ０７６　　Ｆ　１０００",8000
"G123ZM076-------N3","ＺＭ０７６　　Ｎ　　　２５",11100
"G123ZM078-------N3",,0
"G123ZM082P------F4","ＺＭ０８２Ｐ　　Ｆ　　８００",0
"G123ZM083P------F4","ＺＭ０８３Ｐ　　Ｆ　　８００",0
"G123ZM085-------F2","ＺＭ０８５　　Ｆ　５００",422000
"G123ZM085-------F7","ＺＭ０８５　　Ｆ　１０００",25000
"G123ZM085-------N3","ＺＭ０８５　　Ｎ　　　２５",150
"G123ZM085P------F4","ＺＭ０８５Ｐ　Ｆ　　８００",0
"G123ZM086P------F4","ＺＭ０８６Ｐ　　Ｆ　　８００",0
"G123ZM087P------F4","ＺＭ０８７Ｐ　　Ｆ　　８００",0
"G123ZM088-------N3",,6600
"G123ZM088P------F4","ＺＭ０８８Ｐ　　Ｆ　　８００",0
"G123ZM090P------F4","ＺＭ０９０Ｐ　　Ｆ　　８００",0
"G123ZM094-------F7","ＺＭ０９４　　Ｆ　１０００",2000
"G123ZM096P------F4","ＺＭ０９６Ｐ　Ｆ　　８００",0
"G123ZM097-------F6","ＺＭ０９７　　Ｆ　　９５０",0
"G123ZM097P------F4","ＺＭ０９７Ｐ　Ｆ　　８００",0
"G123ZM098-------F6","ＺＭ０９８　　Ｆ　　９５０",0
"G123ZM098P------F4","ＺＭ０９８Ｐ　Ｆ　　８００",0
"G123ZM099-------F7","ＺＭ０９９　　Ｆ　１０００",0
"G123ZM099-------N3","ＺＭ０９９　　Ｎ　　　２５",0
"G123ZM100-------F7","ＺＭ１００　　Ｆ　１０００",0
"G123ZM100-------N3","ＺＭ１００　　Ｎ　　　２５",0
